<?xml version="1.0" encoding="UTF-8"?>
<!--
 Copyright (c) 2021 SAP SE or an SAP affiliate company. All rights reserved.
-->
<beans xmlns="http://www.springframework.org/schema/beans" xmlns:mvc="http://www.springframework.org/schema/mvc"
       xmlns:xsi="http://www.w3.org/2001/XMLSchema-instance"
       xmlns:context="http://www.springframework.org/schema/context"
       xsi:schemaLocation="http://www.springframework.org/schema/mvc http://www.springframework.org/schema/mvc/spring-mvc.xsd
		http://www.springframework.org/schema/beans http://www.springframework.org/schema/beans/spring-beans.xsd
		http://www.springframework.org/schema/context http://www.springframework.org/schema/context/spring-context.xsd">

    <mvc:default-servlet-handler/>
    <mvc:annotation-driven/>
    <context:annotation-config/>
    <context:component-scan base-package="de.hybris.platform.orgprescriptiondecoderservice"/>
    <context:property-placeholder properties-ref="hybrisProperties"/>

    <bean class="org.springframework.web.servlet.mvc.method.annotation.RequestMappingHandlerAdapter">
        <property name="messageConverters">
            <list>
                <bean class="org.springframework.http.converter.ByteArrayHttpMessageConverter"/>
                <bean class="org.springframework.http.converter.StringHttpMessageConverter">
                    <property name="writeAcceptCharset" value="false"/>
                </bean>
                <bean class="org.springframework.http.converter.ResourceHttpMessageConverter"/>
                <bean class="org.springframework.http.converter.xml.SourceHttpMessageConverter"/>
                <bean class="org.springframework.http.converter.support.AllEncompassingFormHttpMessageConverter"/>
                <bean class="org.springframework.http.converter.xml.Jaxb2RootElementHttpMessageConverter"/>
                <bean class="org.springframework.http.converter.json.MappingJackson2HttpMessageConverter"/>
            </list>
        </property>
    </bean>

    <mvc:view-controller path="/login" view-name="login"/>

    <!-- Tell Spring MVC how to find its jsp files -->
    <bean id="viewResolver"
          class="org.springframework.web.servlet.view.InternalResourceViewResolver">
        <property name="viewClass"
                  value="org.springframework.web.servlet.view.JstlView"/>
        <property name="prefix" value="/WEB-INF/views/"/>
        <property name="suffix" value=".jsp"/>
    </bean>

    <!-- Message sources -->
    <bean id="messageSource"
          class="org.springframework.context.support.ReloadableResourceBundleMessageSource">
        <property name="basenames">
            <list>
                <value>/WEB-INF/messages</value>
            </list>
        </property>
        <property name="defaultEncoding" value="UTF-8"/>
        <property name="cacheSeconds" value="1"/>
    </bean>
</beans>
