<!--
 Copyright (c) 2021 SAP SE or an SAP affiliate company. All rights reserved.
-->
<project xmlns="http://maven.apache.org/POM/4.0.0" xmlns:xsi="http://www.w3.org/2001/XMLSchema-instance"
	xsi:schemaLocation="http://maven.apache.org/POM/4.0.0 http://maven.apache.org/xsd/maven-4.0.0.xsd">
	<modelVersion>4.0.0</modelVersion>
	<groupId>de.hybris.platform</groupId>
	<artifactId>orgprescriptiondecoderservice</artifactId>
	<version>2211.36</version>

	<packaging>jar</packaging>

	<dependencies>
	<dependency>
	  <groupId>com.google.code.gson</groupId>
	  <artifactId>gson</artifactId>
	  <version>2.13.1</version>
	</dependency>
	</dependencies>
</project>
