<?xml version="1.0" encoding="UTF-8"?>
<!--
 Copyright (c) 2021 SAP SE or an SAP affiliate company. All rights reserved.
-->
<beans xmlns="http://www.springframework.org/schema/beans"
       xmlns:xsi="http://www.w3.org/2001/XMLSchema-instance"
       xmlns:util="http://www.springframework.org/schema/util"
       xsi:schemaLocation="http://www.springframework.org/schema/beans
                           http://www.springframework.org/schema/beans/spring-beans.xsd
                           http://www.springframework.org/schema/util
                           http://www.springframework.org/schema/util/spring-util.xsd">

	<!--
	The hybris platform provides one single Spring application context for beans located at the jalo layer.
	Each extension can add beans to this context by specifying them at this configuration file.
	 
	You can use and/or redefine beans defined at configuration files of other extensions as well as
	adding new one.
		
	If you want to locate this file at a different location or want to use several files for better,
	structuring, please use the '<yourextension>.application-context' property at your project.properties file.
	There you can specify a comma separated list of files where first is tried to find a file per classpath and
	then per file system.

	
	If you want to configure beans for your web module please have a look at
	your web/webroot/WEB-INF/<extname>-web-spring.xml.
	-->
	
	<!--  Example how to override a manager -->
	<!--
	<bean id="core.productManager"   class="de.hybris.platform.orgprescriptiondecoderservice.jalo.OrgprescriptiondecoderserviceProductManager" 	init-method="init"	destroy-method="destroy" />
	-->
	
	
 	<!--  Example how to configure the class to use for jalo session creation -->
	<!--
	<bean id="jalosession"   class="de.hybris.platform.jalo.JaloSessionFactory">
		<property name="targetClassName" value="de.hybris.platform.orgprescriptiondecoderservice.jalo.OrgprescriptiondecoderserviceJaloSession"/>
	</bean>
	-->

	
	<!--  Example how to override an item  -->
	<!-- 
	<bean id="de.hybris.platform.jalo.product.Product" class="de.hybris.platform.orgprescriptiondecoderservice.jalo.OrgprescriptiondecoderserviceProduct" scope="prototype" />		
 	-->

	<!--  
	 Example how to register and use an AOP aspect 
     Also see http://static.springframework.org/spring/docs/2.5.x/reference/aop.html	
     -->
	
	<!-- 
	<bean id="orgprescriptiondecoderserviceProfBean" class="de.hybris.platform.orgprescriptiondecoderservice.aop.OrgprescriptiondecoderserviceProfilingAspect"/>
	<aop:config proxy-target-class="true">
  		<aop:aspect id="orgprescriptiondecoderserviceProfAspect" ref="orgprescriptiondecoderserviceProfBean" >
    	  <aop:pointcut id="profiledMethods" 
	      	expression="execution(* getModificationTime(..))" />  	            
	   		<aop:around pointcut-ref="profiledMethods" method="profile" />
  		</aop:aspect>
	</aop:config>
	 -->

	
	<!-- some other examples of a pointcut that matches everything:

    	  <aop:pointcut id="profiledMethods" 
	      	expression="bean(de.hybris.platform.jalo.user.Customer) &amp;&amp; 
	      	            !execution(* getPK(..))" />  	            
	       <aop:pointcut id="profiledMethods" expression="execution(* *(..))" />	
	  -->
	
    <bean id="orgprescriptiondecoderserviceSystemSetup" class="de.hybris.platform.orgprescriptiondecoderservice.setup.OrgprescriptiondecoderserviceSystemSetup">
        <!-- constructor arg injection example -->
        <constructor-arg ref="orgprescriptiondecoderserviceService"/>
    </bean>

    <bean id="orgprescriptiondecoderserviceService" class="de.hybris.platform.orgprescriptiondecoderservice.service.impl.DefaultOrgprescriptiondecoderserviceService">
        <!-- setter injection example -->
        <property name="modelService" ref="modelService"/>
        <property name="mediaService" ref="mediaService"/>
        <property name="flexibleSearchService" ref="flexibleSearchService"/>
    </bean>

     <bean id="orgLifecareRestTemplateFactory" class="de.hybris.platform.orgprescriptiondecoderservice.client.impl.OrgLifecareRestTemplateFactoryImpl">
        <property name="httpRequestInterceptors" ref="orgLifecareHttpRequestInterceptors"/>
        <property name="clientHttpRequestFactory" ref="orgLifecareClientHttpRequestFactory"/>
        <property name="messageConverters" ref="orgLifecareHttpMessageConverters"/>
    </bean>
    
    <util:list id="orgLifecareHttpMessageConverters">
        <bean class="org.springframework.http.converter.StringHttpMessageConverter"/>
        <bean class="org.springframework.http.converter.json.MappingJackson2HttpMessageConverter"/>
     </util:list>
     
      <bean id="orgLifecarePoolingHttpClientConnectionManager" class="org.apache.http.impl.conn.PoolingHttpClientConnectionManager">
         <property name="maxTotal" value="100"/>     <property name="defaultMaxPerRoute" value="20"/> 
      </bean>
     
      <util:list id="orgLifecareHttpRequestInterceptors">
          <bean class="de.hybris.platform.orgprescriptiondecoderservice.LoggingRequestInterceptor"/>
       </util:list>

      <bean id="orgLifecareClientHttpRequestFactory" class="org.springframework.http.client.HttpComponentsClientHttpRequestFactory">
        <property name="connectTimeout" value="5000"/> <property name="readTimeout" value="30000"/>    
        <property name="httpClient" ref="orgLifecareHttpClientInstance"/> 
      </bean>
      
	    <bean id="orgLifecareHttpClient" class="org.apache.http.impl.client.HttpClientBuilder" factory-method="create">
	        <property name="connectionManager" ref="orgLifecarePoolingHttpClientConnectionManager"/>
	    </bean>

      <bean id="orgLifecareHttpClientInstance" factory-bean="orgLifecareHttpClient" factory-method="build" />

      <bean id="orgDecoderIntegrationService" class="de.hybris.platform.orgprescriptiondecoderservice.service.impl.OrgPrescriptionDecoderIntegrationServiceImpl">
         <property name="orgLifecareRestTemplateFactory" ref="orgLifecareRestTemplateFactory"/>
         <property name="configurationService" ref="configurationService"/>
      </bean>
</beans>
