<!--
 Copyright (c) 2021 SAP SE or an SAP affiliate company. All rights reserved.
-->
<project xmlns="http://maven.apache.org/POM/4.0.0" xmlns:xsi="http://www.w3.org/2001/XMLSchema-instance"
         xsi:schemaLocation="http://maven.apache.org/POM/4.0.0 http://maven.apache.org/xsd/maven-4.0.0.xsd">
    <modelVersion>4.0.0</modelVersion>
    <groupId>de.hybris.platform.orgprescriptiondecoderservice</groupId>
    <artifactId>orgprescriptiondecoderservice-web</artifactId>
    <version>2211.36</version>

    <packaging>jar</packaging>

    <dependencies>
        <dependency>
            <groupId>org.glassfish.web</groupId>
            <artifactId>javax.servlet.jsp.jstl</artifactId>
            <version>1.2.5</version>
        </dependency>
    </dependencies>
</project>
